科目番号,科目名,単位数
1101112,フレッシュマン・セミナー,1.5
1101122,フレッシュマン・セミナー,1.5
1101132,フレッシュマン・セミナー,1.5
1101142,フレッシュマン・セミナー,1.5
1101152,フレッシュマン・セミナー,1.5
1101162,フレッシュマン・セミナー,1.5
1102112,フレッシュマン・セミナー,1.5
1102122,フレッシュマン・セミナー,1.5
1102132,フレッシュマン・セミナー,1.5
1102142,フレッシュマン・セミナー,1.5
1103112,フレッシュマン・セミナー,1.5
1103122,フレッシュマン・セミナー,1.5
1104102,フレッシュマン・セミナー,1
1104202,フレッシュマン・セミナー,1
1104302,フレッシュマン・セミナー,1
1104402,フレッシュマン・セミナー,1
1104502,フレッシュマン・セミナー,1
1105102,フレッシュマン・セミナー,1
1105202,フレッシュマン・セミナー,1
1105302,フレッシュマン・セミナー,1
1105502,フレッシュマン・セミナー,1
1106102,フレッシュマン・セミナー,1
1106302,フレッシュマン・セミナー,1
1107102,フレッシュマン・セミナー,1
1107202,フレッシュマン・セミナー,1
1108102,フレッシュマン・セミナー,1
1108202,フレッシュマン・セミナー,1
1108302,フレッシュマン・セミナー,1
1109102,フレッシュマン・セミナー,1
1109202,フレッシュマン・セミナー,1
1109302,フレッシュマン・セミナー,1
1109402,フレッシュマン・セミナー,1
1109502,フレッシュマン・セミナー,1
1110102,フレッシュマン・セミナー,1
1110202,フレッシュマン・セミナー,1
1110302,フレッシュマン・セミナー,1
1110402,フレッシュマン・セミナー,1
1110502,フレッシュマン・セミナー,1
1110602,フレッシュマン・セミナー,1
1110702,フレッシュマン・セミナー,1
1111102,フレッシュマン・セミナー,1
1111202,フレッシュマン・セミナー,1
1111302,フレッシュマン・セミナー,1
1112102,フレッシュマン・セミナー,1
1112202,フレッシュマン・セミナー,1
1113102,フレッシュマン・セミナー,1
1113202,フレッシュマン・セミナー,1
1114102,フレッシュマン・セミナー,1
1114202,フレッシュマン・セミナー,1
1115102,フレッシュマン・セミナー,1
1115202,フレッシュマン・セミナー,1
1115302,フレッシュマン・セミナー,1
1115402,フレッシュマン・セミナー,1
1116102,フレッシュマン・セミナー,1
1116202,フレッシュマン・セミナー,1
1116302,フレッシュマン・セミナー,1
1116402,フレッシュマン・セミナー,1
1116502,フレッシュマン・セミナー,1
1116602,フレッシュマン・セミナー,1
1117102,フレッシュマン・セミナー,1
1117202,フレッシュマン・セミナー,1
1117302,フレッシュマン・セミナー,1
1117402,フレッシュマン・セミナー,1
1117502,フレッシュマン・セミナー,1
1117602,フレッシュマン・セミナー,1
1118102,フレッシュマン・セミナー,1
1118202,フレッシュマン・セミナー,1
1118302,フレッシュマン・セミナー,1
1118402,フレッシュマン・セミナー,1
1119102,フレッシュマン・セミナー,1
1119202,フレッシュマン・セミナー,1
1120102,フレッシュマン・セミナー,1
1120202,フレッシュマン・セミナー,1
1120302,フレッシュマン・セミナー,1
1120402,フレッシュマン・セミナー,1
1121102,フレッシュマン・セミナー,1
1121202,フレッシュマン・セミナー,1
1121302,フレッシュマン・セミナー,1
1121402,フレッシュマン・セミナー,1
1121502,フレッシュマン・セミナー,1
1121602,フレッシュマン・セミナー,1
1122102,フレッシュマン・セミナー,1
1122202,フレッシュマン・セミナー,1
1122302,フレッシュマン・セミナー,1
1122402,フレッシュマン・セミナー,1
1122502,Japan-Expertフレッシュマン・セミナー,1
1123102,フレッシュマン・セミナー,1
1124012,フレッシュマン・セミナー,1
1124022,フレッシュマン・セミナー,1
1124032,フレッシュマン・セミナー,1
1124042,フレッシュマン・セミナー,1
1124052,フレッシュマン・セミナー,1
1124062,フレッシュマン・セミナー,1
1124072,フレッシュマン・セミナー,1
1124082,フレッシュマン・セミナー,1
1124092,フレッシュマン・セミナー,1
1124102,フレッシュマン・セミナー,1
1125102,フレッシュマン・セミナー,1
1125202,フレッシュマン・セミナー,1
1125302,フレッシュマン・セミナー,1
1190212,Freshman Seminar,1
1190222,Freshman Seminar,1
1190312,Freshman Seminar,1
1205011,地球規模課題へのアプローチ,1
1207011,ピア・サポートを学ぶ~支えあいの大学のために,1
1210221,おもてなし学・グローバルマナー概論~スポーツボランティアを展望して~,1
1220011,知の探検法,1
1220021,知の探検法,1
1222011,セルフ・ヘルス・ケア,1
1224011,筑波大学と嘉納治五郎〜逆らわずして勝つ〜,1
1226011,ワーク・ライフ学-男女共同参画とダイバーシティ-,1
1226021,心と体に安全で快適なキャンパスI-こころのウェルネス実践講座-充実した学生生活を送るために,1
1226031,障害のある学生とともに学ぶ共生キャンパス~障害者スポーツボランティア基礎講座~,1
1226041,みんなで創ろう「つくばアクションプロジェクト」,1
1226051,筑波大学特別講義―大学と学問―,1
1226071,世界のTSUKUBAで学ぶ,1
1226081,障害のある学生とともに学ぶ共生キャンパス~障害者スポーツボランティア基礎講座~,1
1226091,みんなで創ろう「つくばアクションプロジェクト」,1
1226101,卒業生によるオムニバス講座(社会人としていかに生きるか),1
1226121,心と体に安全で快適なキャンパスII救命救急処置とファーストエイド,1
1226151,世界に挑む産業界・官界トップリーダーによる連続リレー講義:社会基礎学―グローバル人材に不可欠な教養I―,1
1290012,Career Development in Global Context,1
1306011,教育研究入門,1
1312012,クラスセミナー,1
1312022,クラスセミナー,1
1313012,クラスセミナーI,1
1313022,クラスセミナーI,1
1314012,クラスセミナー,1
1314022,クラスセミナー,1
1320013,情報リテラシ実習,1
1320023,情報リテラシ実習,1
1320033,情報リテラシ実習,1
1320043,情報リテラシ実習,1
1190212,Freshman Seminar,1
1190222,Freshman Seminar,1
1190312,Freshman Seminar,1
1390111,Living in Japan as Foreign Students,1
1390121,Introduction to Life and Environmental Sciences,1
1A,総合2,1
1B,総合2,1
1C,総合2,1
1D,総合3,1
1E,総合3,1
1F,総合3,1
1G,総合3,1
2103123,基礎体育インラインスケート(春),0.5
2110123,基礎体育弓道(春),0.5
2111123,基礎体育剣道(春),0.5
2115123,基礎体育柔道(春),0.5
2116123,基礎体育ジョグ&ウォーク(春),0.5
2117123,基礎体育水泳(春),0.5
2140123,基礎体育フィットネストレーニング(春),0.5
2112123,基礎体育ゴルフ(春),0.5
2125123,基礎体育テニス(春),0.5
2134123,基礎体育バスケットボール(春),0.5
2135123,基礎体育バドミントン(春),0.5
2137123,基礎体育ハンドボール(春),0.5
2141123,基礎体育フラッグフットボール(春),0.5
2145123,基礎体育野外運動(春),0.5
2130123,基礎体育トリム運動(春),0.5
2103133,基礎体育インラインスケート(秋),0.5
2110133,基礎体育弓道(秋),0.5
2111133,基礎体育剣道(秋),0.5
2115133,基礎体育柔道(秋),0.5
2116133,基礎体育ジョグ&ウォーク(秋),0.5
2117133,基礎体育水泳(秋),0.5
2140133,基礎体育フィットネストレーニング(秋),0.5
2112133,基礎体育ゴルフ(秋),0.5
2125133,基礎体育テニス(秋),0.5
2134133,基礎体育バスケットボール(秋),0.5
2135133,基礎体育バドミントン(秋),0.5
2137133,基礎体育ハンドボール(秋),0.5
2141133,基礎体育フラッグフットボール(秋),0.5
2145133,基礎体育野外運動(秋),0.5
2130133,基礎体育トリム運動(秋),0.5
2103143,基礎体育インラインスケート(春),0.5
2108143,基礎体育器械運動(春),0.5
2116143,基礎体育ジョグ&ウォーク(春),0.5
2117143,基礎体育水泳(春),0.5
2123143,基礎体育ダンス(春),0.5
2140143,基礎体育フィットネストレーニング(春),0.5
2121143,基礎体育ソフトボール(春),0.5
2122143,基礎体育卓球(春),0.5
2133143,基礎体育ニュースポーツ(春),0.5
2135143,基礎体育バドミントン(春),0.5
2137143,基礎体育ハンドボール(春),0.5
2145143,基礎体育野外運動(春),0.5
2130143,基礎体育トリム運動(春),0.5
2103153,基礎体育インラインスケート(秋),0.5
2108153,基礎体育器械運動(秋),0.5
2116153,基礎体育ジョグ&ウォーク(秋),0.5
2117153,基礎体育水泳(秋),0.5
2123153,基礎体育ダンス(秋),0.5
2140153,基礎体育フィットネストレーニング(秋),0.5
2121153,基礎体育ソフトボール(秋),0.5
2122153,基礎体育卓球(秋),0.5
2133153,基礎体育ニュースポーツ(秋),0.5
2135153,基礎体育バドミントン(秋),0.5
2137153,基礎体育ハンドボール(秋),0.5
2145153,基礎体育野外運動(秋),0.5
2130153,基礎体育トリム運動(秋),0.5
2107163,基礎体育空手(春),0.5
2108163,基礎体育器械運動(春),0.5
2115163,基礎体育柔道(春),0.5
2123163,基礎体育ダンス(春),0.5
2140163,基礎体育フィットネストレーニング(春),0.5
2143163,基礎体育ボディ・ワーク(春),0.5
2113163,基礎体育サッカー(春),0.5
2121163,基礎体育ソフトボール(春),0.5
2122163,基礎体育卓球(春),0.5
2125163,基礎体育テニス(春),0.5
2134163,基礎体育バスケットボール(春),0.5
2136163,基礎体育バレーボール(春),0.5
2130163,基礎体育トリム運動(春),0.5
2107173,基礎体育空手(秋),0.5
2108173,基礎体育器械運動(秋),0.5
2115173,基礎体育柔道(秋),0.5
2123173,基礎体育ダンス(秋),0.5
2140173,基礎体育フィットネストレーニング(秋),0.5
2143173,基礎体育ボディ・ワーク(秋),0.5
2113173,基礎体育サッカー(秋),0.5
2121173,基礎体育ソフトボール(秋),0.5
2122173,基礎体育卓球(秋),0.5
2125173,基礎体育テニス(秋),0.5
2134173,基礎体育バスケットボール(秋),0.5
2136173,基礎体育バレーボール(秋),0.5
2130173,基礎体育トリム運動(秋),0.5
2111183,基礎体育剣道(春),0.5
2115183,基礎体育柔道(春),0.5
2116183,基礎体育ジョグ&ウォーク(春),0.5
2117183,基礎体育水泳(春),0.5
2123183,基礎体育ダンス(春),0.5
2140183,基礎体育フィットネストレーニング(春),0.5
2152183,基礎体育トラック&フィールド(春),0.5
2114183,基礎体育シューティングスポーツ(春),0.5
2121183,基礎体育ソフトボール(春),0.5
2125183,基礎体育テニス(春),0.5
2133183,基礎体育ニュースポーツ(春),0.5
2135183,基礎体育バドミントン(春),0.5
2136183,基礎体育バレーボール(春),0.5
2137183,基礎体育ハンドボール(春),0.5
2130183,基礎体育トリム運動(春),0.5
2111193,基礎体育剣道(秋),0.5
2115193,基礎体育柔道(秋),0.5
2116193,基礎体育ジョグ&ウォーク(秋),0.5
2117193,基礎体育水泳(秋),0.5
2123193,基礎体育ダンス(秋),0.5
2140193,基礎体育フィットネストレーニング(秋),0.5
2152193,基礎体育トラック&フィールド(秋),0.5
2114193,基礎体育シューティングスポーツ(秋),0.5
2121193,基礎体育ソフトボール(秋),0.5
2125193,基礎体育テニス(秋),0.5
2133193,基礎体育ニュースポーツ(秋),0.5
2135193,基礎体育バドミントン(秋),0.5
2136193,基礎体育バレーボール(秋),0.5
2137193,基礎体育ハンドボール(秋),0.5
2130193,基礎体育トリム運動(秋),0.5
2211203,応用体育剣道(春),0.5
2212203,応用体育ゴルフ(春),0.5
2215203,応用体育柔道(春),0.5
2217203,応用体育水泳(春),0.5
2221203,応用体育ソフトボール(春),0.5
2222203,応用体育卓球(春),0.5
2230203,応用体育トリム運動(春),0.5
2233203,応用体育ニュースポーツ(春),0.5
2234203,応用体育バスケットボール(春),0.5
2235203,応用体育バドミントン(春),0.5
2237203,応用体育ハンドボール(春),0.5
2240203,応用体育フィットネストレーニング(春),0.5
2241203,応用体育フラッグフットボール(春),0.5
2245203,応用体育野外運動(春),0.5
2211213,応用体育剣道(秋),0.5
2212213,応用体育ゴルフ(秋),0.5
2215213,応用体育柔道(秋),0.5
2217213,応用体育水泳(秋),0.5
2221213,応用体育ソフトボール(秋),0.5
2222213,応用体育卓球(秋),0.5
2230213,応用体育トリム運動(秋),0.5
2233213,応用体育ニュースポーツ(秋),0.5
2234213,応用体育バスケットボール(秋),0.5
2235213,応用体育バドミントン(秋),0.5
2237213,応用体育ハンドボール(秋),0.5
2240213,応用体育フィットネストレーニング(秋),0.5
2241213,応用体育フラッグフットボール(秋),0.5
2245213,応用体育野外運動(秋),0.5
2208223,応用体育器械運動(春),0.5
2211223,応用体育剣道(春),0.5
2212223,応用体育ゴルフ(春),0.5
2215223,応用体育柔道(春),0.5
2217223,応用体育水泳(春),0.5
2221223,応用体育ソフトボール(春),0.5
2223223,応用体育ダンス(春),0.5
2225223,応用体育テニス(春),0.5
2230223,応用体育トリム運動(春),0.5
2236223,応用体育バレーボール(春),0.5
2237223,応用体育ハンドボール(春),0.5
2240223,応用体育フィットネストレーニング(春),0.5
2241223,応用体育フラッグフットボール(春),0.5
2245223,応用体育野外運動(春),0.5
2208233,応用体育器械運動(秋),0.5
2211233,応用体育剣道(秋),0.5
2212233,応用体育ゴルフ(秋),0.5
2215233,応用体育柔道(秋),0.5
2217233,応用体育水泳(秋),0.5
2221233,応用体育ソフトボール(秋),0.5
2223233,応用体育ダンス(秋),0.5
2225233,応用体育テニス(秋),0.5
2230233,応用体育トリム運動(秋),0.5
2236233,応用体育バレーボール(秋),0.5
2237233,応用体育ハンドボール(秋),0.5
2240233,応用体育フィットネストレーニング(秋),0.5
2241233,応用体育フラッグフットボール(秋),0.5
2245233,応用体育野外運動(秋),0.5
2207243,応用体育空手(春),0.5
2212243,応用体育ゴルフ(春),0.5
2213243,応用体育サッカー(春),0.5
2214243,応用体育シューティングスポーツ(春),0.5
2215243,応用体育柔道(春),0.5
2217243,応用体育水泳(春),0.5
2221243,応用体育ソフトボール(春),0.5
2222243,応用体育卓球(春),0.5
2223243,応用体育ダンス(春),0.5
2225243,応用体育テニス(春),0.5
2230243,応用体育トリム運動(春),0.5
2234243,応用体育バスケットボール(春),0.5
2236243,応用体育バレーボール(春),0.5
2237243,応用体育ハンドボール(春),0.5
2240243,応用体育フィットネストレーニング(春),0.5
2243243,応用体育ボディ・ワーク(春),0.5
2248243,応用体育リフレッシュ体操(春),0.5
2252243,応用体育トラック&フィールド(春),0.5
2207253,応用体育空手(秋),0.5
2212253,応用体育ゴルフ(秋),0.5
2213253,応用体育サッカー(秋),0.5
2214253,応用体育シューティングスポーツ(秋),0.5
2215253,応用体育柔道(秋),0.5
2217253,応用体育水泳(秋),0.5
2221253,応用体育ソフトボール(秋),0.5
2222253,応用体育卓球(秋),0.5
2223253,応用体育ダンス(秋),0.5
2225253,応用体育テニス(秋),0.5
2230253,応用体育トリム運動(秋),0.5
2234253,応用体育バスケットボール(秋),0.5
2236253,応用体育バレーボール(秋),0.5
2237253,応用体育ハンドボール(秋),0.5
2240253,応用体育フィットネストレーニング(秋),0.5
2243253,応用体育ボディ・ワーク(秋),0.5
2248253,応用体育リフレッシュ体操(秋),0.5
2252253,応用体育トラック&フィールド(秋),0.5
2211263,応用体育剣道(春),0.5
2213263,応用体育サッカー(春),0.5
2214263,応用体育シューティングスポーツ(春),0.5
2215263,応用体育柔道(春),0.5
2216263,応用体育ジョグ&ウォーク(春),0.5
2217263,応用体育水泳(春),0.5
2222263,応用体育卓球(春),0.5
2223263,応用体育ダンス(春),0.5
2230263,応用体育トリム運動(春),0.5
2234263,応用体育バスケットボール(春),0.5
2235263,応用体育バドミントン(春),0.5
2240263,応用体育フィットネストレーニング(春),0.5
2252263,応用体育トラック&フィールド(春),0.5
2211273,応用体育剣道(秋),0.5
2213273,応用体育サッカー(秋),0.5
2214273,応用体育シューティングスポーツ(秋),0.5
2215273,応用体育柔道(秋),0.5
2216273,応用体育ジョグ&ウォーク(秋),0.5
2217273,応用体育水泳(秋),0.5
2222273,応用体育卓球(秋),0.5
2223273,応用体育ダンス(秋),0.5
2230273,応用体育トリム運動(秋),0.5
2234273,応用体育バスケットボール(秋),0.5
2235273,応用体育バドミントン(秋),0.5
2240273,応用体育フィットネストレーニング(秋),0.5
2252273,応用体育トラック&フィールド(秋),0.5
2311283,発展体育剣道(春),0.5
2313283,発展体育サッカー(春),0.5
2314283,発展体育シューティングスポーツ(春),1
2315283,発展体育柔道(春),0.5
2321283,発展体育ソフトボール(春),0.5
2323283,発展体育ダンス(春),0.5
2325283,発展体育テニス(春),0.5
2330283,発展体育トリム運動(春),0.5
2340283,発展体育フィットネストレーニング(春),0.5
2348283,発展体育リフレッシュ体操(春),0.5
2311293,発展体育剣道(秋),0.5
2313293,発展体育サッカー(秋),0.5
2315293,発展体育柔道(秋),0.5
2316293,発展体育ジョグ&ウォーク(秋),1
2321293,発展体育ソフトボール(秋),0.5
2323293,発展体育ダンス(秋),0.5
2325293,発展体育テニス(秋),0.5
2329293,発展体育トラック&フィールド(秋),1
2330293,発展体育トリム運動(秋),0.5
2340293,発展体育フィットネストレーニング(秋),0.5
2348293,発展体育リフレッシュ体操(秋),0.5
2313303,発展体育サッカー(春),0.5
2318303,発展体育水泳(春),1
2321303,発展体育ソフトボール(春),0.5
2323303,発展体育ダンス(秋),0.5
2330303,発展体育トリム運動(春),0.5
2340303,発展体育フィットネストレーニング(春),0.5
2341303,発展体育フラッグフットボール(春),1
2352303,発展体育トラック&フィールド(春),0.5
2313313,発展体育サッカー(秋),0.5
2316313,発展体育ジョグ&ウォーク(秋),1
2321313,発展体育ソフトボール(秋),0.5
2323313,発展体育ダンス(秋),0.5
2330313,発展体育トリム運動(秋),0.5
2340313,発展体育フィットネストレーニング(秋),0.5
2352313,発展体育トラック&フィールド(秋),0.5
2600283,合気道,0.5
2601283,アーチェリー,0.5
2604283,ウィンドサーフィン,1
2606283,ウォールクライミング,0.5
2609283,キャンピング,1
2618283,水球,0.5
2619293,スノースポーツ,1
2628283,東洋的心身鍛練法,0.5
2639293,氷上スポーツ,1
2642283,ボウリング,0.5
2644283,マリンスポーツ,1
2646283,ヨット,1
2600303,合気道,0.5
2601303,アーチェリー,0.5
2604303,ウィンドサーフィン,1
2606303,ウォールクライミング,0.5
2609303,キャンピング,1
2618303,水球,0.5
2619313,スノースポーツ,1
2628303,東洋的心身鍛練法,0.5
2639313,氷上スポーツ,1
2642303,ボウリング,0.5
2644303,マリンスポーツ,1
2646303,ヨット,1
2700323,合気道,0.5
2701323,アーチェリー,0.5
2704323,ウィンドサーフィン,1
2706323,ウォールクライミング,0.5
2709323,キャンピング,1
2718323,水球,0.5
2719333,スノースポーツ,1
2728323,東洋的心身鍛練法,0.5
2739333,氷上スポーツ,1
2742323,ボウリング,0.5
2744323,マリンスポーツ,1
2746323,ヨット,1
2505373,ウェルネス・スポーツ,0.5
2802351,アメリカンフットボール(講義),1
2820382,スポーツケア,3
2827342,テニスの科学,1
2847342,ランニングの世界,1
2849352,2019へのスクラム,1
2856342,日本の体育・スポーツ文化(II),2
2824343,つくばマラソン(春),0.5
2824353,つくばマラソン(秋),0.5
2850342,つくばマラソン中級(春),0.5
2850352,つくばマラソン中級(秋),0.5
2800343,合気道,0.5
2804343,ウィンドサーフィン,1
2806343,ウォールクライミング,0.5
2809343,キャンピング,1
2818343,水球,0.5
2819353,スノースポーツ,1
2828343,東洋的心身鍛練法,0.5
2839353,氷上スポーツ,1
2842343,ボウリング,0.5
2844343,マリンスポーツ,1
2846343,ヨット,1
2857343,ポタツーリング,0.5
31AA012,English Critical Reading Strategies I,0.5
31AA022,English Critical Reading Strategies I,0.5
31AA042,English Critical Reading Strategies I,0.5
31AA052,English Critical Reading Strategies I,0.5
31AA062,English Critical Reading Strategies I,0.5
31AA072,English Critical Reading Strategies I,0.5
31AB012,English Critical Reading Strategies I,0.5
31AB022,English Critical Reading Strategies I,0.5
31AB032,English Critical Reading Strategies I,0.5
31AB042,English Critical Reading Strategies I,0.5
31AB052,English Critical Reading Strategies I,0.5
31AC012,English Critical Reading Strategies I,0.5
31AC022,English Critical Reading Strategies I,0.5
31AC032,English Critical Reading Strategies I,0.5
31AE012,English Critical Reading Strategies I,0.5
31AE022,English Critical Reading Strategies I,0.5
31AE032,English Critical Reading Strategies I,0.5
31AE042,English Critical Reading Strategies I,0.5
31AE052,English Critical Reading Strategies I,0.5
31AF012,English Critical Reading Strategies I,0.5
31AF022,English Critical Reading Strategies I,0.5
31AF032,English Critical Reading Strategies I,0.5
31AF042,English Critical Reading Strategies I,0.5
31AF052,English Critical Reading Strategies I,0.5
31AG012,English Critical Reading Strategies I,0.5
31AG022,English Critical Reading Strategies I,0.5
31AG032,English Critical Reading Strategies I,0.5
31AG042,English Critical Reading Strategies I,0.5
31AG052,English Critical Reading Strategies I,0.5
31AG062,English Critical Reading Strategies I,0.5
31AG072,English Critical Reading Strategies I,0.5
31AG092,English Critical Reading Strategies I,0.5
31AG102,English Critical Reading Strategies I,0.5
31AH012,English Critical Reading Strategies I,0.5
31AH022,English Critical Reading Strategies I,0.5
31AH032,English Critical Reading Strategies I,0.5
31AH042,English Critical Reading Strategies I,0.5
31AH052,English Critical Reading Strategies I,0.5
31AH062,English Critical Reading Strategies I,0.5
31AJ012,English Critical Reading Strategies I,0.5
31AJ022,English Critical Reading Strategies I,0.5
31AJ032,English Critical Reading Strategies I,0.5
31AJ042,English Critical Reading Strategies I,0.5
31AJ052,English Critical Reading Strategies I,0.5
31AJ062,English Critical Reading Strategies I,0.5
31AK012,English Critical Reading Strategies I,0.5
31AK022,English Critical Reading Strategies I,0.5
31AK032,English Critical Reading Strategies I,0.5
31AK042,English Critical Reading Strategies I,0.5
31AK062,English Critical Reading Strategies I,0.5
31AK072,English Critical Reading Strategies I,0.5
31AL012,English Critical Reading Strategies I,0.5
31AL022,English Critical Reading Strategies I,0.5
31AL032,English Critical Reading Strategies I,0.5
31AM012,English Critical Reading Strategies I,0.5
31AM022,English Critical Reading Strategies I,0.5
31BA012,English Intercultural Communication I,0.5
31BA022,English Intercultural Communication I,0.5
31BA042,English Intercultural Communication I,0.5
31BA052,English Intercultural Communication I,0.5
31BA062,English Intercultural Communication I,0.5
31BA072,English Intercultural Communication I,0.5
31BB012,English Intercultural Communication I,0.5
31BB022,English Intercultural Communication I,0.5
31BB032,English Intercultural Communication I,0.5
31BB042,English Intercultural Communication I,0.5
31BB052,English Intercultural Communication I,0.5
31BC012,English Intercultural Communication I,0.5
31BC022,English Intercultural Communication I,0.5
31BC032,English Intercultural Communication I,0.5
31BE012,English Intercultural Communication I,0.5
31BE022,English Intercultural Communication I,0.5
31BE032,English Intercultural Communication I,0.5
31BE042,English Intercultural Communication I,0.5
31BE052,English Intercultural Communication I,0.5
31BF012,English Intercultural Communication I,0.5
31BF022,English Intercultural Communication I,0.5
31BF032,English Intercultural Communication I,0.5
31BF042,English Intercultural Communication I,0.5
31BF052,English Intercultural Communication I,0.5
31BG012,English Intercultural Communication I,0.5
31BG022,English Intercultural Communication I,0.5
31BG032,English Intercultural Communication I,0.5
31BG042,English Intercultural Communication I,0.5
31BG052,English Intercultural Communication I,0.5
31BG062,English Intercultural Communication I,0.5
31BG072,English Intercultural Communication I,0.5
31BG092,English Intercultural Communication I,0.5
31BG102,English Intercultural Communication I,0.5
31BH012,English Intercultural Communication I,0.5
31BH022,English Intercultural Communication I,0.5
31BH032,English Intercultural Communication I,0.5
31BH042,English Intercultural Communication I,0.5
31BH052,English Intercultural Communication I,0.5
31BH062,English Intercultural Communication I,0.5
31BJ012,English Intercultural Communication I,0.5
31BJ022,English Intercultural Communication I,0.5
31BJ032,English Intercultural Communication I,0.5
31BJ042,English Intercultural Communication I,0.5
31BJ052,English Intercultural Communication I,0.5
31BJ062,English Intercultural Communication I,0.5
31BK012,English Intercultural Communication I,0.5
31BK022,English Intercultural Communication I,0.5
31BK032,English Intercultural Communication I,0.5
31BK042,English Intercultural Communication I,0.5
31BK062,English Intercultural Communication I,0.5
31BK072,English Intercultural Communication I,0.5
31BL012,English Intercultural Communication I,0.5
31BL022,English Intercultural Communication I,0.5
31BL032,English Intercultural Communication I,0.5
31BM012,English Intercultural Communication I,0.5
31BM022,English Intercultural Communication I,0.5
31CA012,English Integrated Skills I,0.5
31CA022,English Integrated Skills I,0.5
31CA042,English Integrated Skills I,0.5
31CA052,English Integrated Skills I,0.5
31CA062,English Integrated Skills I,0.5
31CA072,English Integrated Skills I,0.5
31CB012,English Integrated Skills I,0.5
31CB022,English Integrated Skills I,0.5
31CB032,English Integrated Skills I,0.5
31CB042,English Integrated Skills I,0.5
31CB052,English Integrated Skills I,0.5
31CC012,English Integrated Skills I,0.5
31CC022,English Integrated Skills I,0.5
31CC032,English Integrated Skills I,0.5
31CE012,English Integrated Skills I,0.5
31CE022,English Integrated Skills I,0.5
31CE032,English Integrated Skills I,0.5
31CE042,English Integrated Skills I,0.5
31CE052,English Integrated Skills I,0.5
31CF012,English Integrated Skills I,0.5
31CF022,English Integrated Skills I,0.5
31CF032,English Integrated Skills I,0.5
31CF042,English Integrated Skills I,0.5
31CF052,English Integrated Skills I,0.5
31CG012,English Integrated Skills I,0.5
31CG022,English Integrated Skills I,0.5
31CG032,English Integrated Skills I,0.5
31CG042,English Integrated Skills I,0.5
31CG052,English Integrated Skills I,0.5
31CG062,English Integrated Skills I,0.5
31CG072,English Integrated Skills I,0.5
31CG092,English Integrated Skills I,0.5
31CG102,English Integrated Skills I,0.5
31CH012,English Integrated Skills I,0.5
31CH022,English Integrated Skills I,0.5
31CH032,English Integrated Skills I,0.5
31CH042,English Integrated Skills I,0.5
31CH052,English Integrated Skills I,0.5
31CH062,English Integrated Skills I,0.5
31CJ012,English Integrated Skills I,0.5
31CJ022,English Integrated Skills I,0.5
31CJ032,English Integrated Skills I,0.5
31CJ042,English Integrated Skills I,0.5
31CJ052,English Integrated Skills I,0.5
31CJ062,English Integrated Skills I,0.5
31CK012,English Integrated Skills I,0.5
31CK022,English Integrated Skills I,0.5
31CK032,English Integrated Skills I,0.5
31CK042,English Integrated Skills I,0.5
31CK062,English Integrated Skills I,0.5
31CK072,English Integrated Skills I,0.5
31CL012,English Integrated Skills I,0.5
31CL022,English Integrated Skills I,0.5
31CL032,English Integrated Skills I,0.5
31CM012,English Integrated Skills I,0.5
31CM022,English Integrated Skills I,0.5
31EA012,English Critical Reading Strategies II,1
31EA022,English Critical Reading Strategies II,1
31EA042,English Critical Reading Strategies II,1
31EA052,English Critical Reading Strategies II,1
31EA062,English Critical Reading Strategies II,1
31EA072,English Critical Reading Strategies II,1
31EB012,English Critical Reading Strategies II,1
31EB022,English Critical Reading Strategies II,1
31EB032,English Critical Reading Strategies II,1
31EB042,English Critical Reading Strategies II,1
31EB052,English Critical Reading Strategies II,1
31EC012,English Critical Reading Strategies II,1
31EC022,English Critical Reading Strategies II,1
31EC032,English Critical Reading Strategies II,1
31EE012,English Critical Reading Strategies II,1
31EE022,English Critical Reading Strategies II,1
31EE032,English Critical Reading Strategies II,1
31EE042,English Critical Reading Strategies II,1
31EE052,English Critical Reading Strategies II,1
31EF012,English Critical Reading Strategies II,1
31EF022,English Critical Reading Strategies II,1
31EF032,English Critical Reading Strategies II,1
31EF042,English Critical Reading Strategies II,1
31EF052,English Critical Reading Strategies II,1
31EG012,English Critical Reading Strategies II,1
31EG022,English Critical Reading Strategies II,1
31EG032,English Critical Reading Strategies II,1
31EG042,English Critical Reading Strategies II,1
31EG052,English Critical Reading Strategies II,1
31EG062,English Critical Reading Strategies II,1
31EG072,English Critical Reading Strategies II,1
31EG092,English Critical Reading Strategies II,1
31EG102,English Critical Reading Strategies II,1
31EH012,English Critical Reading Strategies II,1
31EH022,English Critical Reading Strategies II,1
31EH032,English Critical Reading Strategies II,1
31EH042,English Critical Reading Strategies II,1
31EH052,English Critical Reading Strategies II,1
31EH062,English Critical Reading Strategies II,1
31EJ012,English Critical Reading Strategies II,1
31EJ022,English Critical Reading Strategies II,1
31EJ032,English Critical Reading Strategies II,1
31EJ042,English Critical Reading Strategies II,1
31EJ052,English Critical Reading Strategies II,1
31EJ062,English Critical Reading Strategies II,1
31EK012,English Critical Reading Strategies II,1
31EK022,English Critical Reading Strategies II,1
31EK032,English Critical Reading Strategies II,1
31EK042,English Critical Reading Strategies II,1
31EK062,English Critical Reading Strategies II,1
31EK072,English Critical Reading Strategies II,1
31EL012,English Critical Reading Strategies II,1
31EL022,English Critical Reading Strategies II,1
31EL032,English Critical Reading Strategies II,1
31EM012,English Critical Reading Strategies II,1
31EM022,English Critical Reading Strategies II,1
31FA012,English Intercultural Communication II,1
31FA022,English Intercultural Communication II,1
31FA042,English Intercultural Communication II,1
31FA052,English Intercultural Communication II,1
31FA062,English Intercultural Communication II,1
31FA072,English Intercultural Communication II,1
31FB012,English Intercultural Communication II,1
31FB022,English Intercultural Communication II,1
31FB032,English Intercultural Communication II,1
31FB042,English Intercultural Communication II,1
31FB052,English Intercultural Communication II,1
31FC012,English Intercultural Communication II,1
31FC022,English Intercultural Communication II,1
31FC032,English Intercultural Communication II,1
31FE012,English Intercultural Communication II,1
31FE022,English Intercultural Communication II,1
31FE032,English Intercultural Communication II,1
31FE042,English Intercultural Communication II,1
31FE052,English Intercultural Communication II,1
31FF012,English Intercultural Communication II,1
31FF022,English Intercultural Communication II,1
31FF032,English Intercultural Communication II,1
31FF042,English Intercultural Communication II,1
31FF052,English Intercultural Communication II,1
31FG012,English Intercultural Communication II,1
31FG022,English Intercultural Communication II,1
31FG032,English Intercultural Communication II,1
31FG042,English Intercultural Communication II,1
31FG052,English Intercultural Communication II,1
31FG062,English Intercultural Communication II,1
31FG072,English Intercultural Communication II,1
31FG092,English Intercultural Communication II,1
31FG102,English Intercultural Communication II,1
31FH012,English Intercultural Communication II,1
31FH022,English Intercultural Communication II,1
31FH032,English Intercultural Communication II,1
31FH042,English Intercultural Communication II,1
31FH052,English Intercultural Communication II,1
31FH062,English Intercultural Communication II,1
31FJ012,English Intercultural Communication II,1
31FJ022,English Intercultural Communication II,1
31FJ032,English Intercultural Communication II,1
31FJ042,English Intercultural Communication II,1
31FJ052,English Intercultural Communication II,1
31FJ062,English Intercultural Communication II,1
31FK012,English Intercultural Communication II,1
31FK022,English Intercultural Communication II,1
31FK032,English Intercultural Communication II,1
31FK042,English Intercultural Communication II,1
31FK062,English Intercultural Communication II,1
31FK072,English Intercultural Communication II,1
31FL012,English Intercultural Communication II,1
31FL022,English Intercultural Communication II,1
31FL032,English Intercultural Communication II,1
31FM012,English Intercultural Communication II,1
31FM022,English Intercultural Communication II,1
31GA012,English Integrated Skills II,1
31GA022,English Integrated Skills II,1
31GA042,English Integrated Skills II,1
31GA052,English Integrated Skills II,1
31GA062,English Integrated Skills II,1
31GA072,English Integrated Skills II,1
31GB012,English Integrated Skills II,1
31GB022,English Integrated Skills II,1
31GB032,English Integrated Skills II,1
31GB042,English Integrated Skills II,1
31GB052,English Integrated Skills II,1
31GC012,English Integrated Skills II,1
31GC022,English Integrated Skills II,1
31GC032,English Integrated Skills II,1
31GE012,English Integrated Skills II,1
31GE022,English Integrated Skills II,1
31GE032,English Integrated Skills II,1
31GE042,English Integrated Skills II,1
31GE052,English Integrated Skills II,1
31GF012,English Integrated Skills II,1
31GF022,English Integrated Skills II,1
31GF032,English Integrated Skills II,1
31GF042,English Integrated Skills II,1
31GF052,English Integrated Skills II,1
31GG012,English Integrated Skills II,1
31GG022,English Integrated Skills II,1
31GG032,English Integrated Skills II,1
31GG042,English Integrated Skills II,1
31GG052,English Integrated Skills II,1
31GG062,English Integrated Skills II,1
31GG072,English Integrated Skills II,1
31GG092,English Integrated Skills II,1
31GG102,English Integrated Skills II,1
31GH012,English Integrated Skills II,1
31GH022,English Integrated Skills II,1
31GH032,English Integrated Skills II,1
31GH042,English Integrated Skills II,1
31GH052,English Integrated Skills II,1
31GH062,English Integrated Skills II,1
31GJ012,English Integrated Skills II,1
31GJ022,English Integrated Skills II,1
31GJ032,English Integrated Skills II,1
31GJ042,English Integrated Skills II,1
31GJ052,English Integrated Skills II,1
31GJ062,English Integrated Skills II,1
31GK012,English Integrated Skills II,1
31GK022,English Integrated Skills II,1
31GK032,English Integrated Skills II,1
31GK042,English Integrated Skills II,1
31GK062,English Integrated Skills II,1
31GK072,English Integrated Skills II,1
31GL012,English Integrated Skills II,1
31GL022,English Integrated Skills II,1
31GL032,English Integrated Skills II,1
31GM012,English Integrated Skills II,1
31GM022,English Integrated Skills II,1
3180112,English Pronunciation 1AI,0.5
3180212,English Pronunciation 2AI,0.5
3180222,English Pronunciation 2BI,0.5
3180232,Engish Pronunciation 2CI,0.5
3180312,English Pronunciation 3AI,0.5
3180412,English Pronunciation 4AI,0.5
3181112,English Grammar 1AI,0.5
3181212,English Grammar 2AI,0.5
3181312,English Grammar 3AI,0.5
3181412,English Grammar 4AI,0.5
3182112,English Communication 1AI,0.5
3182212,English Communication 2AI,0.5
3182222,English Communication 2BI,0.5
3182232,English Communication 2CI,0.5
3182312,English Communication 3AI,0.5
3182412,English Communication 4AI,0.5
3183112,English with Media Arts 1AI,0.5
3183212,English with Media Arts 2AI,0.5
3183312,English with Media Arts 3AI,0.5
3183412,English with Media Arts 4AI,0.5
3184112,Literature in English 1AI,0.5
3184212,Literature in English 2AI,0.5
3184312,Literature in English 3AI,0.5
3184412,Literature in English 4AI,0.5
3185112,Intermediate English for General Academic Purposes 1AI,0.5
3185212,Intermediate English for General Academic Purposes 2AI,0.5
3185312,Intermediate English for General Academic Purposes 3AI,0.5
3185412,Intermediate English for General Academic Purposes 4AI,0.5
3186112,Advanced English for General Academic Purposes 1AI,0.5
3186212,Advanced English for General Academic Purposes 2AI,0.5
3186312,Advanced English for General Academic Purposes 3AI,0.5
3186412,Advanced English for General Academic Purposes 4AI,0.5
3187012,TOEFL Practice I,1
3187022,TOEFL Practice I,1
3187032,TOEFL Practice II,1
3187042,TOEFL Practice II,1
3187912,TOEFL Academic English I,1
3187922,TOEFL Academic English I,1
3187952,TOEFL Academic English II,1
3187962,TOEFL Academic English II,1
3131012,English Presentation I,0.5
3131022,English Presentation I,0.5
3131032,English Presentation I,0.5
3131042,English Presentation I,0.5
3131052,English Presentation I,0.5
3131062,English Presentation I,0.5
3141012,English Presentation I,0.5
3141022,English Presentation I,0.5
3141032,English Presentation I,0.5
3141042,English Presentation I,0.5
3141052,English Presentation I,0.5
3141062,English Presentation I,0.5
3141072,English Presentation I,0.5
3141082,English Presentation I,0.5
3141092,English Presentation I,0.5
3178012,Clinical Communication in English I,0.5
3178022,Clinical Communication in English I,0.5
3178032,Clinical Communication in English I,0.5
3179012,Clinical Communication in English II,1
3179022,Clinical Communication in English II,1
3179032,Clinical Communication in English II,1
3133012,English Writing I,0.5
3133022,English Writing I,0.5
3133032,English Writing I,0.5
3133042,English Writing I,0.5
3133052,English Writing I,0.5
3133062,English Writing I,0.5
3143012,English Writing I,0.5
3143022,English Writing I,0.5
3143032,English Writing I,0.5
3143042,English Writing I,0.5
3143052,English Writing I,0.5
3143062,English Writing I,0.5
3143072,English Writing I,0.5
3143082,English Writing I,0.5
3143092,English Writing I,0.5
3151112,English Scientific Discourse I,0.5
3151122,English Scientific Discourse I,0.5
3151172,English Scientific Discourse I,0.5
3151182,English Scientific Discourse I,0.5
3152112,English Media Studies I,0.5
3152122,English Media Studies I,0.5
3153112,English Reading I,0.5
3153122,English Reading I,0.5
3154112,English Translation I,0.5
3155012,English Debate I,0.5
3155022,English Debate I,0.5
3161012,English Testing I,0.5
3161022,English Testing I,0.5
3161032,English Testing I,0.5
3161042,English Testing I,0.5
3161062,English Testing I,0.5
3170012,English Presentation II,1
3170022,English Presentation II,1
3170032,English Presentation II,1
3170042,English Presentation II,1
3170052,English Presentation II,1
3170062,English Presentation II,1
3170072,English Presentation II,1
3170082,English Presentation II,1
3170092,English Presentation II,1
3170102,English Presentation II,1
3170112,English Presentation II,1
3170122,English Presentation II,1
3170132,English Presentation II,1
3170142,English Presentation II,1
3170152,English Presentation II,1
3170162,English Presentation II,1
3171012,English Writing II,1
3171022,English Writing II,1
3171032,English Writing II,1
3171042,English Writing II,1
3171052,English Writing II,1
3171062,English Writing II,1
3171072,English Writing II,1
3171082,English Writing II,1
3171092,English Writing II,1
3171102,English Writing II,1
3171112,English Writing II,1
3171122,English Writing II,1
3171132,English Writing II,1
3171142,English Writing II,1
3172012,English Scientific Discourse II,1
3172022,English Scientific Discourse II,1
3172072,English Scientific Discourse II,1
3172082,English Scientific Discourse II,1
3172092,English Scientific Discourse II,1
3173012,English Media Studies II,1
3173022,English Media Studies II,1
3174012,English Reading II,1
3175012,English Translation II,1
3176012,English Debate II,1
3176022,English Debate II,1
3177012,English Testing II,1
3177022,English Testing II,1
3177032,English Testing II,1
3177042,English Testing II,1
3177052,English Testing II,1
3177062,English Testing II,1
32AA012,ドイツ語基礎AI,0.5
32AA022,ドイツ語基礎AI,0.5
32AA032,ドイツ語基礎AI,0.5
32AA042,ドイツ語基礎AI,0.5
32AB012,ドイツ語基礎AI,0.5
32AB022,ドイツ語基礎AI,0.5
32AB032,ドイツ語基礎AI,0.5
32AC012,ドイツ語基礎AI,0.5
32AC022,ドイツ語基礎AI,0.5
32AC032,ドイツ語基礎AI,0.5
32AE012,ドイツ語基礎AI,0.5
32AG012,ドイツ語基礎AI,0.5
32AG022,ドイツ語基礎AI,0.5
32AG032,ドイツ語基礎AI,0.5
32AH012,ドイツ語基礎AI,0.5
32AH022,ドイツ語基礎AI,0.5
32AJ012,ドイツ語基礎AI,0.5
32AK012,ドイツ語基礎AI,0.5
32AL012,ドイツ語基礎AI,0.5
32AM012,ドイツ語基礎AI,0.5
32AN012,ドイツ語基礎AI,0.5
32BA012,ドイツ語基礎BI,0.5
32BA022,ドイツ語基礎BI,0.5
32BA032,ドイツ語基礎BI,0.5
32BA042,ドイツ語基礎BI,0.5
32BB012,ドイツ語基礎BI,0.5
32BB022,ドイツ語基礎BI,0.5
32BB032,ドイツ語基礎BI,0.5
32BC012,ドイツ語基礎BI,0.5
32BC022,ドイツ語基礎BI,0.5
32BC032,ドイツ語基礎BI,0.5
32BE012,ドイツ語基礎BI,0.5
32BF012,ドイツ語基礎BI,0.5
32BG012,ドイツ語基礎BI,0.5
32BG022,ドイツ語基礎BI,0.5
32BG032,ドイツ語基礎BI,0.5
32BH012,ドイツ語基礎BI,0.5
32BH022,ドイツ語基礎BI,0.5
32BJ012,ドイツ語基礎BI,0.5
32BK012,ドイツ語基礎BI,0.5
32BL012,ドイツ語基礎BI,0.5
32BM012,ドイツ語基礎BI,0.5
32BN012,ドイツ語基礎BI,0.5
32BN022,ドイツ語基礎BI,0.5
32CA012,ドイツ語基礎AII,1
32CA022,ドイツ語基礎AII,1
32CA032,ドイツ語基礎AII,1
32CA042,ドイツ語基礎AII,1
32CB012,ドイツ語基礎AII,1
32CB022,ドイツ語基礎AII,1
32CB032,ドイツ語基礎AII,1
32CC012,ドイツ語基礎AII,1
32CC022,ドイツ語基礎AII,1
32CC032,ドイツ語基礎AII,1
32CE012,ドイツ語基礎AII,1
32CG012,ドイツ語基礎AII,1
32CG022,ドイツ語基礎AII,1
32CG032,ドイツ語基礎AII,1
32CH012,ドイツ語基礎AII,1
32CH022,ドイツ語基礎AII,1
32CJ012,ドイツ語基礎AII,1
32CK012,ドイツ語基礎AII,1
32CL012,ドイツ語基礎AII,1
32CM012,ドイツ語基礎AII,1
32CN012,ドイツ語基礎AII,1
32EA012,ドイツ語基礎BII,1
32EA022,ドイツ語基礎BII,1
32EA032,ドイツ語基礎BII,1
32EA042,ドイツ語基礎BII,1
32EB012,ドイツ語基礎BII,1
32EB022,ドイツ語基礎BII,1
32EB032,ドイツ語基礎BII,1
32EC012,ドイツ語基礎BII,1
32EC022,ドイツ語基礎BII,1
32EC032,ドイツ語基礎BII,1
32EE012,ドイツ語基礎BII,1
32EF012,ドイツ語基礎BII,1
32EG012,ドイツ語基礎BII,1
32EG022,ドイツ語基礎BII,1
32EG032,ドイツ語基礎BII,1
32EH012,ドイツ語基礎BII,1
32EH022,ドイツ語基礎BII,1
32EJ012,ドイツ語基礎BII,1
32EK012,ドイツ語基礎BII,1
32EL012,ドイツ語基礎BII,1
32EM012,ドイツ語基礎BII,1
32EN012,ドイツ語基礎BII,1
32EN022,ドイツ語基礎BII,1
3240012,応用ドイツ語講読AI,0.5
3240022,応用ドイツ語講読BI,0.5
3241012,応用ドイツ語作文AI,0.5
3241022,応用ドイツ語作文BI,0.5
3242012,応用ドイツ語会話AI,0.5
3242022,応用ドイツ語会話BI,0.5
3245012,応用ドイツ語講読AII,1
3245022,応用ドイツ語講読BII,1
3246012,応用ドイツ語作文AII,1
3246022,応用ドイツ語作文BII,1
3247012,応用ドイツ語会話AII,1
3247022,応用ドイツ語会話BII,1
3231012,ヨーロッパ文化圏の言語と文化IA(ドイツ語),0.5
3231022,ヨーロッパ文化圏の言語と文化IA(ドイツ語),0.5
3231032,ヨーロッパ文化圏の言語と文化IA(ドイツ語),0.5
3231042,ヨーロッパ文化圏の言語と文化IA(ドイツ語),0.5
3231052,ヨーロッパ文化圏の言語と文化IA(ドイツ語),0.5
3231072,ヨーロッパ文化圏の言語と文化IA(ドイツ語),0.5
3231082,ヨーロッパ文化圏の言語と文化IA(ドイツ語),0.5
3234012,ヨーロッパ文化圏の言語と文化IBC(ドイツ語),1
3234022,ヨーロッパ文化圏の言語と文化IBC(ドイツ語),1
3234032,ヨーロッパ文化圏の言語と文化IBC(ドイツ語),1
3234042,ヨーロッパ文化圏の言語と文化IBC(ドイツ語),1
3234052,ヨーロッパ文化圏の言語と文化IBC(ドイツ語),1
3234072,ヨーロッパ文化圏の言語と文化IBC(ドイツ語),1
3234082,ヨーロッパ文化圏の言語と文化IBC(ドイツ語),1
33AA112,フランス語基礎AI,0.5
33AA212,フランス語基礎AI,0.5
33AA312,フランス語基礎AI,0.5
33AB112,フランス語基礎AI,0.5
33AB212,フランス語基礎AI,0.5
33AC012,フランス語基礎AI,0.5
33AE112,フランス語基礎AI,0.5
33AE212,フランス語基礎AI,0.5
33AF012,フランス語基礎AI,0.5
33AG112,フランス語基礎AI,0.5
33AG212,フランス語基礎AI,0.5
33AH112,フランス語基礎AI,0.5
33AH212,フランス語基礎AI,0.5
33AK012,フランス語基礎AI,0.5
33AL012,フランス語基礎AI,0.5
33AM012,フランス語基礎AI,0.5
33AN012,フランス語基礎AI,0.5
33BA112,フランス語基礎BI,0.5
33BA212,フランス語基礎BI,0.5
33BA312,フランス語基礎BI,0.5
33BB112,フランス語基礎BI,0.5
33BB212,フランス語基礎BI,0.5
33BC012,フランス語基礎BI,0.5
33BE112,フランス語基礎BI,0.5
33BE212,フランス語基礎BI,0.5
33BG112,フランス語基礎BI,0.5
33BG212,フランス語基礎BI,0.5
33BH112,フランス語基礎BI,0.5
33BH212,フランス語基礎BI,0.5
33BK012,フランス語基礎BI,0.5
33BL012,フランス語基礎BI,0.5
33BM012,フランス語基礎BI,0.5
33BN012,フランス語基礎BI,0.5
33CA112,フランス語基礎AII,1
33CA212,フランス語基礎AII,1
33CA312,フランス語基礎AII,1
33CB112,フランス語基礎AII,1
33CB212,フランス語基礎AII,1
33CC012,フランス語基礎AII,1
33CE112,フランス語基礎AII,1
33CE212,フランス語基礎AII,1
33CF012,フランス語基礎AII,1
33CG112,フランス語基礎AII,1
33CG212,フランス語基礎AII,1
33CH112,フランス語基礎AII,1
33CH212,フランス語基礎AII,1
33CK012,フランス語基礎AII,1
33CL012,フランス語基礎AII,1
33CM012,フランス語基礎AII,1
33CN012,フランス語基礎AII,1
33EA112,フランス語基礎BII,1
33EA212,フランス語基礎BII,1
33EA312,フランス語基礎BII,1
33EB112,フランス語基礎BII,1
33EB212,フランス語基礎BII,1
33EC012,フランス語基礎BII,1
33EE112,フランス語基礎BII,1
33EE212,フランス語基礎BII,1
33EG112,フランス語基礎BII,1
33EG212,フランス語基礎BII,1
33EH112,フランス語基礎BII,1
33EH212,フランス語基礎BII,1
33EK012,フランス語基礎BII,1
33EL012,フランス語基礎BII,1
33EM012,フランス語基礎BII,1
33EN012,フランス語基礎BII,1
3340012,応用フランス語講読AI,0.5
3340022,応用フランス語講読BI,0.5
3341012,応用フランス語作文AI,0.5
3341022,応用フランス語作文BI,0.5
3342012,応用フランス語会話AI,0.5
3342022,応用フランス語会話BI,0.5
3345012,応用フランス語講読AII,1
3345022,応用フランス語講読BII,1
3346012,応用フランス語作文AII,1
3346022,応用フランス語作文BII,1
3347012,応用フランス語会話AII,1
3347022,応用フランス語会話BII,1
3331012,ヨーロッパ文化圏の言語と文化IIA(フランス語),0.5
3331042,ヨーロッパ文化圏の言語と文化IIA(フランス語),0.5
3331052,ヨーロッパ文化圏の言語と文化IIA(フランス語),0.5
3331062,ヨーロッパ文化圏の言語と文化IIA(フランス語),0.5
3331072,ヨーロッパ文化圏の言語と文化IIA(フランス語),0.5
3331082,ヨーロッパ文化圏の言語と文化IIA(フランス語),0.5
3334012,ヨーロッパ文化圏の言語と文化IIBC(フランス語),1
3334042,ヨーロッパ文化圏の言語と文化IIBC(フランス語),1
3334052,ヨーロッパ文化圏の言語と文化IIBC(フランス語),1
3334062,ヨーロッパ文化圏の言語と文化IIBC(フランス語),1
3334072,ヨーロッパ文化圏の言語と文化IIBC(フランス語),1
3334082,ヨーロッパ文化圏の言語と文化IIBC(フランス語),1
34AA112,中国語基礎AI,0.5
34AA122,中国語基礎AI,0.5
34AA212,中国語基礎AI,0.5
34AA312,中国語基礎AI,0.5
34AB112,中国語基礎AI,0.5
34AB122,中国語基礎AI,0.5
34AB212,中国語基礎AI,0.5
34AC012,中国語基礎AI,0.5
34AE012,中国語基礎AI,0.5
34AE022,中国語基礎AI,0.5
34AG012,中国語基礎AI,0.5
34AG022,中国語基礎AI,0.5
34AH012,中国語基礎AI,0.5
34AH022,中国語基礎AI,0.5
34AL012,中国語基礎AI,0.5
34AL022,中国語基礎AI,0.5
34AM012,中国語基礎AI,0.5
34BA112,中国語基礎BI,0.5
34BA122,中国語基礎BI,0.5
34BA212,中国語基礎BI,0.5
34BA312,中国語基礎BI,0.5
34BB112,中国語基礎BI,0.5
34BB122,中国語基礎BI,0.5
34BB212,中国語基礎BI,0.5
34BC012,中国語基礎BI,0.5
34BE012,中国語基礎BI,0.5
34BE022,中国語基礎BI,0.5
34BG012,中国語基礎BI,0.5
34BG022,中国語基礎BI,0.5
34BH012,中国語基礎BI,0.5
34BH022,中国語基礎BI,0.5
34BL012,中国語基礎BI,0.5
34BL022,中国語基礎BI,0.5
34BM012,中国語基礎BI,0.5
34CA112,中国語基礎AII,1
34CA122,中国語基礎AII,1
34CA212,中国語基礎AII,1
34CA312,中国語基礎AII,1
34CB112,中国語基礎AII,1
34CB122,中国語基礎AII,1
34CB212,中国語基礎AII,1
34CC012,中国語基礎AII,1
34CE012,中国語基礎AII,1
34CE022,中国語基礎AII,1
34CG012,中国語基礎AII,1
34CG022,中国語基礎AII,1
34CH012,中国語基礎AII,1
34CH022,中国語基礎AII,1
34CL012,中国語基礎AII,1
34CL022,中国語基礎AII,1
34CM012,中国語基礎AII,1
34EA112,中国語基礎BII,1
34EA122,中国語基礎BII,1
34EA212,中国語基礎BII,1
34EA312,中国語基礎BII,1
34EB112,中国語基礎BII,1
34EB122,中国語基礎BII,1
34EB212,中国語基礎BII,1
34EC012,中国語基礎BII,1
34EE012,中国語基礎BII,1
34EE022,中国語基礎BII,1
34EG012,中国語基礎BII,1
34EG022,中国語基礎BII,1
34EH012,中国語基礎BII,1
34EH022,中国語基礎BII,1
34EL012,中国語基礎BII,1
34EL022,中国語基礎BII,1
34EM012,中国語基礎BII,1
3440112,応用中国語講読1AI,0.5
3440122,応用中国語講読1BI,0.5
3440212,応用中国語講読2AI,0.5
3440222,応用中国語講読2BI,0.5
3440312,応用中国語講読3AI,0.5
3440322,応用中国語講読3BI,0.5
3441112,応用中国語作文1AI,0.5
3441122,応用中国語作文1BI,0.5
3441212,応用中国語作文2AI,0.5
3441222,応用中国語作文2BI,0.5
3441312,応用中国語作文3AI,0.5
3441322,応用中国語作文3BI,0.5
3442112,応用中国語会話1AI,0.5
3442122,応用中国語会話1BI,0.5
3442212,応用中国語会話2AI,0.5
3442222,応用中国語会話2BI,0.5
3442312,応用中国語会話3AI,0.5
3442322,応用中国語会話3BI,0.5
3445112,応用中国語講読1AII,1
3445122,応用中国語講読1BII,1
3445212,応用中国語講読2AII,1
3445222,応用中国語講読2BII,1
3445312,応用中国語講読3AII,1
3445322,応用中国語講読3BII,1
3446112,応用中国語作文1AII,1
3446122,応用中国語作文1BII,1
3446212,応用中国語作文2AII,1
3446222,応用中国語作文2BII,1
3446312,応用中国語作文3AII,1
3446322,応用中国語作文3BII,1
3447112,応用中国語会話1AII,1
3447122,応用中国語会話1BII,1
3447212,応用中国語会話2AII,1
3447222,応用中国語会話2BII,1
3447312,応用中国語会話3AII,1
3447322,応用中国語会話3BII,1
3431012,東アジア文化圏の言語と文化IA(中国語),0.5
3431022,東アジア文化圏の言語と文化IA(中国語),0.5
3431032,東アジア文化圏の言語と文化IA(中国語),0.5
3431042,東アジア文化圏の言語と文化IA(中国語),0.5
3431052,東アジア文化圏の言語と文化IA(中国語),0.5
3431062,東アジア文化圏の言語と文化IA(中国語),0.5
3431072,東アジア文化圏の言語と文化IA(中国語),0.5
3434012,東アジア文化圏の言語と文化IBC(中国語),1
3434022,東アジア文化圏の言語と文化IBC(中国語),1
3434032,東アジア文化圏の言語と文化IBC(中国語),1
3434042,東アジア文化圏の言語と文化IBC(中国語),1
3434052,東アジア文化圏の言語と文化IBC(中国語),1
3434062,東アジア文化圏の言語と文化IBC(中国語),1
3434072,東アジア文化圏の言語と文化IBC(中国語),1
35AA012,ロシア語基礎AI,0.5
35AB012,ロシア語基礎AI,0.5
35AC012,ロシア語基礎AI,0.5
35AE012,ロシア語基礎AI,0.5
35AG012,ロシア語基礎AI,0.5
35AH012,ロシア語基礎AI,0.5
35AN012,ロシア語基礎AI,0.5
35BA012,ロシア語基礎BI,0.5
35BB012,ロシア語基礎BI,0.5
35BC012,ロシア語基礎BI,0.5
35BE012,ロシア語基礎BI,0.5
35BG012,ロシア語基礎BI,0.5
35BH012,ロシア語基礎BI,0.5
35BN012,ロシア語基礎BI,0.5
35CA012,ロシア語基礎AII,1
35CB012,ロシア語基礎AII,1
35CC012,ロシア語基礎AII,1
35CE012,ロシア語基礎AII,1
35CG012,ロシア語基礎AII,1
35CH012,ロシア語基礎AII,1
35CN012,ロシア語基礎AII,1
35EA012,ロシア語基礎BII,1
35EB012,ロシア語基礎BII,1
35EC012,ロシア語基礎BII,1
35EE012,ロシア語基礎BII,1
35EG012,ロシア語基礎BII,1
35EH012,ロシア語基礎BII,1
35EN012,ロシア語基礎BII,1
3540012,応用ロシア語講読I,0.5
3541012,応用ロシア語作文I,0.5
3542012,応用ロシア語会話I,0.5
3545012,応用ロシア語講読II,1
3546012,応用ロシア語作文II,1
3547012,応用ロシア語会話II,1
3531012,ヨーロッパ文化圏の言語と文化IVA(ロシア語),0.5
3531022,ヨーロッパ文化圏の言語と文化IVA(ロシア語),0.5
3531032,ヨーロッパ文化圏の言語と文化IVA(ロシア語),0.5
3531042,ヨーロッパ文化圏の言語と文化IVA(ロシア語),0.5
3531052,ヨーロッパ文化圏の言語と文化IVA(ロシア語),0.5
3534012,ヨーロッパ文化圏の言語と文化IVBC(ロシア語),1
3534022,ヨーロッパ文化圏の言語と文化IVBC(ロシア語),1
3534032,ヨーロッパ文化圏の言語と文化IVBC(ロシア語),1
3534042,ヨーロッパ文化圏の言語と文化IVBC(ロシア語),1
3534052,ヨーロッパ文化圏の言語と文化IVBC(ロシア語),1
36AA012,スペイン語基礎AI,0.5
36AB012,スペイン語基礎AI,0.5
36AC012,スペイン語基礎AI,0.5
36AH012,スペイン語基礎AI,0.5
36AN012,スペイン語基礎AI,0.5
36BA012,スペイン語基礎BI,0.5
36BB012,スペイン語基礎BI,0.5
36BC012,スペイン語基礎BI,0.5
36BH012,スペイン語基礎BI,0.5
36BM012,スペイン語基礎BI,0.5
36BN012,スペイン語基礎BI,0.5
36CA012,スペイン語基礎AII,1
36CB012,スペイン語基礎AII,1
36CC012,スペイン語基礎AII,1
36CH012,スペイン語基礎AII,1
36CN012,スペイン語基礎AII,1
36EA012,スペイン語基礎BII,1
36EB012,スペイン語基礎BII,1
36EC012,スペイン語基礎BII,1
36EH012,スペイン語基礎BII,1
36EM012,スペイン語基礎BII,1
36EN012,スペイン語基礎BII,1
3641112,応用スペイン語作文1AI,0.5
3641212,応用スペイン語作文2AI,0.5
3641312,応用スペイン語作文3AI,0.5
3642112,応用スペイン語会話1AI,0.5
3642212,応用スペイン語会話2AI,0.5
3642312,応用スペイン語会話3AI,0.5
3646112,応用スペイン語作文1AII,1
3646212,応用スペイン語作文2AII,1
3646312,応用スペイン語作文3AII,1
3647112,応用スペイン語会話1AII,1
3647212,応用スペイン語会話2AII,1
3647312,応用スペイン語会話3AII,1
3631012,ヨーロッパ文化圏の言語と文化IIIA(スペイン語),0.5
3631022,ヨーロッパ文化圏の言語と文化IIIA(スペイン語),0.5
3631032,ヨーロッパ文化圏の言語と文化IIIA(スペイン語),0.5
3631042,ヨーロッパ文化圏の言語と文化IIIA(スペイン語),0.5
3631052,ヨーロッパ文化圏の言語と文化IIIA(スペイン語),0.5
3634012,ヨーロッパ文化圏の言語と文化IIIBC(スペイン語),1
3634022,ヨーロッパ文化圏の言語と文化IIIBC(スペイン語),1
3634032,ヨーロッパ文化圏の言語と文化IIIBC(スペイン語),1
3634042,ヨーロッパ文化圏の言語と文化IIIBC(スペイン語),1
3634052,ヨーロッパ文化圏の言語と文化IIIBC(スペイン語),1
37AA012,朝鮮語基礎AI,0.5
37AN012,朝鮮語基礎AI,0.5
37BA012,朝鮮語基礎BI,0.5
37BN012,朝鮮語基礎BI,0.5
37CA012,朝鮮語基礎AII,1
37CN012,朝鮮語基礎AII,1
37EA012,朝鮮語基礎BII,1
37EN012,朝鮮語基礎BII,1
3740012,応用朝鮮語講読I,0.5
3741012,応用朝鮮語会話I,0.5
3745012,応用朝鮮語講読II,1
3746012,応用朝鮮語会話II,1
3731012,東アジア文化圏の言語と文化IIA(朝鮮語),0.5
3734012,東アジア文化圏の言語と文化IIBC(朝鮮語),1
3910312,日本語聴解IA,1
3910322,日本語聴解IIB,1
3910412,日本語読解IA,1
3910422,日本語読解IIB,1
3910512,日本語作文IA,1
3910522,日本語作文IIB,1
3910612,日本語演習IA,1
3910622,日本語演習IIB,1
3910712,日本語演習IIIA,0.5
3910722,日本語演習IVB,0.5
3920112,Japan-Expert日本語 中上級話す,2
3920122,Japan-Expert日本語 上級話す,2
3920212,Japan-Expert日本語 中上級聞く,2
3920222,Japan-Expert日本語 上級聞く,2
3920312,Japan-Expert日本語 中上級読む,3
3920322,Japan-Expert日本語 上級読む,3
3920412,Japan-Expert日本語 中上級書く,2
3920422,Japan-Expert日本語 上級書く,2
3920512,Japan-Expert日本語 中上級文法,2
3920522,Japan-Expert日本語 上級文法,2
3920612,Japan-Expert日本語 中上級漢字,2
3920622,Japan-Expert日本語 上級漢字,2
3920712,Japan-Expert日本語 中上級総合日本語,1
3920722,Japan-Expert日本語 上級総合日本語,1
3920812,Japan-Expert専門日本語 (アグロノミスト養成コース),1
3920822,Japan-Expert専門日本語 (ヘルスケアコース),1
3920832,Japan-Expert専門日本語 (日本芸術コース),1
3920842,Japan-Expert専門日本語 (日本語教師養成コース),1
3901072,総合日本語4文法A,1
3901082,総合日本語4文法B,1
3901092,総合日本語4話す聞くA,1
3901102,総合日本語4話す聞くB,1
3901112,総合日本語4読む書くA,1
3901122,総合日本語4読む書くB,1
3901132,総合日本語5文法A,1
3901142,総合日本語5文法B,1
3901152,総合日本語5話す聞くA,1
3901162,総合日本語5話す聞くB,1
3901172,総合日本語5読む書くA,1
3901182,総合日本語5読む書くB,1
3901192,総合日本語1A,4
3901202,総合日本語1B,4
3901212,総合日本語2A,4
3901222,総合日本語2B,4
3901232,総合日本語3A,4
3901242,総合日本語3B,4
3901252,総合日本語4演習A,1
3901262,総合日本語4演習B,1
3901272,総合日本語5演習A,1
3901282,総合日本語5演習B,1
3901292,総合日本語6文法A,1
3901302,総合日本語6文法B,1
3901312,総合日本語6話す聞くA,1
3901322,総合日本語6話す聞くB,1
3901332,総合日本語6読む書くA,1
3901342,総合日本語6読む書くB,1
3901352,総合日本語6演習A,1
3901362,総合日本語6演習B,1
3901372,総合日本語7文法A,1
3901382,総合日本語7文法B,1
3901392,総合日本語7話す聞くA,1
3901402,総合日本語7話す聞くB,1
3901412,総合日本語7読む書くA,1
3901422,総合日本語7読む書くB,1
3901432,総合日本語7演習A,1
3901442,総合日本語7演習B,1
3901452,様々な日本語IA,1
3901462,様々な日本語IB,1
3901472,様々な日本語IIA,1
3901482,様々な日本語IIB,1
3901552,制作日本語IIA,1
3901562,制作日本語IIB,1
3901592,プロジェクトワーク日本語A,1
3901602,プロジェクトワーク日本語B,1
3901612,Japanese socio-cultural studies (taught in English) A,1
3901622,Japanese socio-cultural studies (taught in English) B,1
3901662,Japanese issues(Culture)(taught in English) A,1
3901672,Japanese issues(Culture)(taught in English) B,1
3902012,総合漢字1A,1
3902022,総合漢字1B,1
3902032,総合漢字2A,1
3902042,総合漢字2B,1
3902052,総合漢字3A,1
3902062,総合漢字3B,1
3902072,総合漢字4A,1
3902082,総合漢字4B,1
3902092,総合漢字5A,1
3902102,総合漢字5B,1
3902112,総合漢字6A,1
3902122,総合漢字6B,1
3902132,総合漢字7A,1
3902142,総合漢字7B,1
3902152,総合漢字8A,1
3902162,総合漢字8B,1
6101101,情報(講義),1
6101201,情報(講義),1
6102101,情報(講義),1
6103101,情報(講義),1
6104101,情報(講義),1
6105101,情報(講義),1
6106101,情報(講義),1
6107101,情報(講義),1
6109101,情報(講義),1
6110101,情報(講義),1
6110201,情報(講義),1
6111101,情報(講義),1
6112101,情報(講義),1
6115101,情報(講義),1
6115201,情報(講義),1
6116101,情報(講義),1
6116201,情報(講義),1
6117101,情報(講義),1
6118101,情報(講義),1
6119101,情報(講義),1
6120101,情報(講義),1
6120201,情報(講義),1
6120301,情報(講義),1
6120401,情報(講義),1
6121101,情報(講義),1
6201103,情報(実習),1
6201203,情報(実習),1
6201303,情報(実習),1
6202103,情報(実習),1
6202203,情報(実習),1
6203103,情報(実習),1
6204103,情報(実習),1
6204203,情報(実習),1
6205103,情報(実習),1
6205203,情報(実習),1
6206103,情報(実習),1
6207103,情報(実習),1
6208103,情報(実習),1
6209103,情報(実習),1
6210103,情報(実習),1
6210203,情報(実習),1
6210303,情報(実習),1
6211103,情報(実習),1
6212103,情報(実習),1
6213103,情報(実習),1
6213203,情報(実習),1
6214103,情報(実習),1
6215103,情報(実習),1
6215203,情報(実習),1
6215303,情報(実習),1
6216103,情報(実習),1
6216203,情報(実習),1
6217103,情報(実習),1
6217203,情報(実習),1
6217303,情報(実習),1
6218103,情報(実習),1
6218203,情報(実習),1
6219103,情報(実習),1
6220103,情報(実習),1
6220203,情報(実習),1
6220303,情報(実習),1
6220403,情報(実習),1
6220503,情報(実習),1
6220603,情報(実習),1
6221103,情報(実習),1
6221203,情報(実習),1
6221303,情報(実習),1
6222103,情報(実習),1
6330123,UNIX入門,1
6330133,プログラミング言語(Java),1
6330153,インタラクションデザイン,1
5101011,国語I,1
5101021,国語I,1
5101031,国語I,1
5101041,国語I,1
5102011,国語I,1
5102021,国語I,1
5103011,国語I,1
5103021,国語I,1
5103031,国語I,1
5103041,国語I,1
5103051,国語I,1
5104011,国語I,1
5104021,国語I,1
5104031,国語I,1
5105011,国語I,1
5105021,国語I,1
5106011,国語I,1
5107011,国語I,1
5107021,国語I,1
5107031,国語I,1
5107041,国語I,1
5107051,国語I,1
5107061,国語I,1
5108011,国語I,1
5108021,国語I,1
5108031,国語I,1
5108041,国語I,1
5108061,国語I,1
5108071,国語I,1
5108081,国語I,1
5108091,国語I,1
5108101,国語I,1
5108111,国語I,1
5201011,国語II,1
5201021,国語II,1
5201031,国語II,1
5201041,国語II,1
5202011,国語II,1
5202021,国語II,1
5207011,国語II,1
5207021,国語II,1
5207031,国語II,1
5207041,国語II,1
5207051,国語II,1
5207061,国語II,1
5208011,国語II,1
5208021,国語II,1
5208031,国語II,1
5208041,国語II,1
5208051,国語II,1
5208061,国語II,1
5208071,国語II,1
5208081,国語II,1
5208091,国語II,1
5208101,国語II,1
5208111,国語II,1
5301011,国語III,1
5301021,国語III,1
5301031,国語III,1
5301041,国語III,1
4001011,芸術(アートツアー),1
4002013,芸術(絵画実習A),1
4002023,芸術(絵画実習B),1
4003013,芸術(版画実習基礎),1
4004013,芸術(日本画実習A),1
4004023,芸術(日本画実習B),1
4005013,芸術(塑造実習A),1
4005023,芸術(塑造実習B),1
4006012,芸術(書A),1
4006022,芸術(書B),1
4006032,芸術(書C),1
4007012,芸術(色彩基礎演習),1
4007022,芸術(造形基礎),1
4008011,芸術(現代アート入門),1
4009013,芸術(工芸工作実習A陶磁),1
4009043,芸術(工芸工作実習Bガラス),1
4010012,芸術(イラストレーション),1
4011012,芸術(絵本制作),1
4012042,芸術(大学を開くアート・デザインプロデュース演習A-1),1
4012052,芸術(大学を開くアート・デザインプロデュース演習A-2),1
4012062,芸術(大学を開くアート・デザインプロデュース演習B-1),1
4012072,芸術(大学を開くアート・デザインプロデュース演習B-2),1
4012082,芸術(大学を開くアート・デザインプロデュース演習B-3),1
4012092,芸術(大学を開くアート・デザインプロデュース演習A-3),1
4013013,芸術(映像実習),1